"Tablet Name","Disease Name"
"Acenocoumarol Tablets IP 2 mg","Cardiovascular disease; exact use depends on medicine"
"Agomelatine Tablets 25 mg","Neurological or mental-health condition; exact use varies"
"Acarbose 50mg and Metformin Hydrochloride 500mg Tablets","Type 2 diabetes"
"Aceclofenac 100mg and Paracetamol 325mg Tablets","Pain and fever"
"Amoxycillin 250mg and Potassium Clavulanate 125mg Tablets IP","Susceptible bacterial infection"
"Acotiamide Tablets 100mg","Digestive-system condition; exact use varies"
"Alpha Lipolic Acid 100mg, Vitamin D3 1000IU, Folic Acid 1.5mg, Pyridoxine 3mg and Methylcobalamin1500mcg Tablets","Iron-deficiency anaemia / nutritional supplementation"
"Alfuzosin 10mg and Dutasteride 0.5mg Tablets","Enlarged prostate urinary symptoms"
"Anastrozole Tablets IP 1mg","Hormone-sensitive breast cancer; specialist use"
"Acebrophylline 100mg and Acetylcysteine 600mg Tablets","Respiratory condition; exact use varies"
"Alendronate Sodium Tablets USP 70mg","Bone, joint or muscle condition"
"Allylestrenol Tablets 5 mg","Women's health condition; exact use varies"
"Bepotastine Besilate Tablets 10mg","Allergy symptoms"
"Frusemide 20mg and Spironolactone 50mg Tablets","Heart failure; specialist-directed use"
"Carbimazole Tablets IP 10 mg","Overactive thyroid (hyperthyroidism)"
"Artemether 80mg and Lumefantrine 480mg Tablets","Malaria; regimen depends on species and region"
"Daclatasvir Tablets 60 mg","Selected liver condition"
"Abacavir 600mg and Lamivudine 300mg Tablets","HIV infection; combination regimen only"
"Betamethasone Sodium Phosphate Tablets IP 0.5 mg","Hormonal or inflammatory condition"
"Fluconazole Tablets IP 150 mg","Fungal infection"
"Azathioprine Tablets IP 50 mg","Transplant or autoimmune condition; specialist use"
"Albendazole 400mg and Ivermectin 6mg Tablets","Parasitic worm infection"
"Aciclovir Dispersible Tablets IP 400 mg","Selected viral infection; diagnosis required"
"Cinnarizine 20mg and Domperidone 15mg Tablet","Nausea and vomiting"
"Deferasirox Dispersible Tablets 180mg","Iron overload; specialist use"
"Apixaban Tablets 2.5mg","Prevention or treatment of blood clots"
"Etamsylate Tablets 250 mg","Bleeding disorder; specialist use"
"Chymotrypsin and Trypsin (1:6 ) Tablets 100K AU","Digestive enzyme deficiency or support"
"Apremilast Tablets IP 10mg","Skin condition; exact use varies"
"N-Acetylcysteine 150Mg And Taurine 500Mg Tablets","Kidney-related condition; specialist use"
"Topiroxostat Tablets 20mg","Gout / high uric acid"
"Acamprosate Calcium Tablets 333mg","Vitamin D or calcium deficiency / bone health"
"Ashwagandha Tablets 250 mg","Traditional supportive care; evidence and use vary"
"Eltrombopag Tablets 25mg","Severe aplastic anaemia; specialist use"
"Acetazolamide Tablets IP 250mg","Altitude sickness prevention or treatment"
"Valganciclovir Hydrochloride Tablets USP 450 mg","Selected viral infection"
"Tenofovir Alafenamide Tablets IP 25mg","HIV infection; combination regimen only"
"Janushadhi Madhurak (Stevia Natural Sweetener (Tablets/Pellets))","Nutritional supplementation"
"Metformin Hydrochloride (sustained-relase) 500mg and Myo-Inositol 600mg Tablets","Type 2 diabetes"
"Acetylsalicylic Acid (Aspirin) Gastro-resistant Tablets IP 325mg","Prevention of blood clots, heart attack or stroke"
"Alprazolam 0.25mg and Fluoxetine 20mg Tablets","Depression and/or anxiety disorder"
"Acarbose Tablets IP 25 mg","Diabetes mellitus"
"Aceclofenac 100mg, Paracetamol 325mg and Chlorzoxazone 250mg Tablets","Pain and fever"
"Amoxycillin 500mg and Potassium Clavulanate 125mg Tablets IP","Susceptible bacterial infection"
"Bisacodyl Tablets IP 5mg","Constipation"
"Biotin Tablets 10mg","Nutritional deficiency / supplementation"
"Alfuzosin Prolonged-release Tablets IP 10mg","Urinary or prostate condition; exact use varies"
"Bicalutamide Tablets IP 50mg","Cancer treatment; type and regimen are specialist-defined"
"Acebrophylline 200mg (Sustained Release) and Montelukast 10mg Tablets","Asthma or obstructive airway symptoms"
"Allopurinol Tablets IP 100 mg","Gout / high uric acid"
"Cabergoline Tablets IP 0.5mg","Women's health condition; exact use varies"
"Bilastine Tablets 20 mg","Allergy symptoms"
"Frusemide Tablets IP 40 mg","Fluid retention and/or hypertension"
"Carbimazole Tablets IP 5 mg","Overactive thyroid (hyperthyroidism)"
"Artesunate 200mg Tablets, Sulfadoxine 500mg and Pyrimethamine 25mg Tablets IP Combi kit","Malaria"
"Entecavir Tablets IP 0.5 mg","Selected liver condition"
"Abacavir 600mg, Dolutegravir 50mg and Lamivudine 300mg Tablets","HIV infection; combination regimen only"
"Dexamethasone Tablets IP 0.5 mg","Inflammatory or immune condition; short specialist course"
"Fluconazole Tablets IP 200 mg","Fungal infection"
"Everolimus Tablets 0.25 mg","Transplant or autoimmune condition; specialist use"
"Albendazole Tablets IP 400mg","Parasitic worm infection"
"Aciclovir Dispersible Tablets IP 800 mg","Selected viral infection; diagnosis required"
"Domperidone Tablets IP 10 mg","Nausea and vomiting"
"Deferasirox Dispersible Tablets 250mg","Iron overload; specialist use"
"Apixaban Tablets 5mg","Prevention or treatment of blood clots"
"Etamsylate Tablets 500 mg","Bleeding disorder; specialist use"
"L-Ornithine L-Aspartate 150mg and Pancreatin 100mg Tablets","Digestive enzyme deficiency or support"
"Apremilast Tablets IP 20mg","Skin condition; exact use varies"
"Sevelamer 800mg Tablets","Kidney-related condition; specialist use"
"Topiroxostat Tablets 40mg","Gout / high uric acid"
"Disulfiram Tablets IP 500 mg","Alcohol-use disorder support"
"Triphala Tablets 500 mg","Traditional supportive care; evidence and use vary"
"Eltrombopag Tablets 50mg","Severe aplastic anaemia; specialist use"
"Amiloride 2.5mg and Hydrochlorothiazide 25mg Tablet IP","High blood pressure (hypertension)"
"Alprazolam 0.25mg and Propranolol Hydrochloride 10mg Tablets","Anxiety or seizure-related use; dependence risk"
"Acarbose Tablets IP 50 mg","Diabetes mellitus"
"Aceclofenac 100mg, Paracetamol 325mg and Serratiopeptidase 15mg Tablets","Pain and fever"
"Amoxycillin 500mg, Clavulanic Acid 125mg and Lactic Acid Bacillus 60 Million Spores Tablets","Susceptible bacterial infection"
"Chlordiazepoxide 5mg and Clidinium Bromide 2.5mg Tablets","Digestive-system condition; exact use varies"
"Calcium (Calcium Carbonate) 1250mg, Vitamin D3 2000 IU, Mecobalamin (Vitamin B12) 1500mcg, L-Methylfolate Calcium (Vitamin B9) 1mg, Pyridoxal-5-Phosphate (Vitamin B6) 20mg Tablets","Vitamin D or calcium deficiency / bone health"
"Bethanechol Chloride 25mg Tablets","Urinary or prostate condition; exact use varies"
"Cabozantinib Tablets 20 mg","Cancer treatment; specialist use"
"Acebrophylline Sustained Release Tablets 200 mg","Respiratory condition; exact use varies"
"Amisulpride Tablets IP 300mg","Bone, joint or muscle condition"
"Clomiphene Citrate Tablets IP 50mg","Ovulation induction in selected infertility"
"Cetrizine Hydrochloride Tablets IP 10mg","Allergy symptoms"
"Hydrochlorothiazide Tablets IP 25 mg","High blood pressure (hypertension)"
"Levo-Thyroxine Sodium Tablets IP 100 mcg","Underactive thyroid (hypothyroidism)"
"Chloroquine Phosphate Tablets IP 250 mg","Malaria; regimen depends on species and region"
"Obeticholic Acid 10mg Tablets","Selected liver condition"
"Atazanavir 300mg and Ritonavir 100mg Tablets IP","HIV infection; combination regimen only"
"Hydrocortisone Tablets 10mg","Hormonal or inflammatory condition"
"Fluconazole Tablets IP 400 mg","Fungal infection"
"Everolimus Tablets 0.5 mg","Transplant or autoimmune condition; specialist use"
"Diethylcarbamazine 150mg Tablets","Parasitic worm infection"
"Aciclovir Tablets IP 400 mg","Selected viral infection; diagnosis required"
"Ondansetron Orally disintegrating Tablets IP 8mg","Nausea and vomiting"
"Deferasirox Dispersible Tablets 360mg","Iron overload; specialist use"
"Rivaroxaban Tablet 15 mg","Prevention or treatment of blood clots"
"Tranexamic Acid 500mg and Mefenamic Acid 250mg Tablets","Pain and inflammatory conditions"
"L-Ornithine L-Aspartate 150mg and Pancreatin 100mg Tablets","Digestive enzyme deficiency or support"
"Apremilast Tablets IP 30mg","Skin condition; exact use varies"
"Sevelamer Carbonate Tablets 400mg","Kidney-related condition; specialist use"
"Topiroxostat Tablets 60mg","Gout / high uric acid"
"Amiodarone Tablets IP 100 mg","Abnormal heart rhythm / angina"
"Alprazolam 0.25mg and Propranolol Hydrochloride 20mg Tablets","Anxiety or seizure-related use; dependence risk"
"Alpha Ketoanalouge and Essential Amino Acid Tablets","Diabetes mellitus"
"Aceclofenac 100mg, Paracetamol 325mg and Thiocolchicoside 4mg Tablets","Pain and fever"
"Amoxycillin 875mg and Potassium Clavulanate 125mg Tablets IP","Susceptible bacterial infection"
"Cinitapride Tablets 1 mg","Digestive-system condition; exact use varies"
"Calcium (from Coral Grains) 500mg and Vitamin D-3 500IU Tablets","Vitamin D or calcium deficiency / bone health"
"Dapoxetine Tablets IP 30mg","Urinary or prostate condition; exact use varies"
"Cabozantinib Tablets 40 mg","Cancer treatment; specialist use"
"Acetylcysteine Effervescent Tablets 600mg","Respiratory condition; exact use varies"
"Calcium Pantothenate 100mg Tablets IP","Vitamin D or calcium deficiency / bone health"
"Combipack of Mifepristone Tablets IP 200mg (1 Tablet) & Misoprostol Tablets IP 200mcg (4 Tablets)","Women's health condition; exact use varies"
"Deflazacort Tablets 6 mg","Inflammatory or immune condition; short specialist course"
"Spironolactone 50mg and Torasemide 20mg Tablets","Heart failure; specialist-directed use"
"Thyroxine Sodium Tablets IP 100 mcg","Underactive thyroid (hypothyroidism)"
"Hydroxychloroquine Tablet IP 400 mg","Malaria; regimen depends on species and region"
"Obeticholic Acid 5mg Tablets","Selected liver condition"
"Dolutegravir Tablets 50mg","HIV infection; combination regimen only"
"Hydrocortisone Tablets 5mg","Hormonal or inflammatory condition"
"Fluconazole Tablets IP 50 mg","Fungal infection"
"Everolimus Tablets 10 mg","Transplant or autoimmune condition; specialist use"
"Diethylcarbamazine Citrate Tablets IP 100mg","Parasitic worm infection"
"Acyclovir Dispersible Tablets IP 200 mg","Selected viral infection; diagnosis required"
"Ondansetron Tablets IP 4 mg","Nausea and vomiting"
"Deferasirox Dispersible Tablets 400mg","Iron overload; specialist use"
"Rivaroxaban Tablet 2.5 mg","Prevention or treatment of blood clots"
"Tranexamic Acid Tablets IP 500 mg","Excessive bleeding; cause must be assessed"
"Pancreatin 170 mg (containing 15000 units of Amylase activity, 4000 units of Lipase activity, 15000 units of Protease activity) and Sodium Tauroglycocholate 65mg Digestive Enzyme Tablets","Digestive enzyme deficiency or support"
"Amiodarone Tablets IP 200 mg","Abnormal heart rhythm / angina"
"Alprazolam 0.5mg and Sertraline Hydrochloride 25mg Tablets","Depression and/or anxiety disorder"
"Canagliflozin Tablets 100 mg","Diabetes mellitus"
"Aceclofenac 100mg, Paracetamol 325mg and Tizanidine 2mg Tablets","Pain and fever"
"Amoxycillin Trihydrate Dispersible Tablets IP 125 mg","Susceptible bacterial infection"
"Clidinium Bromide 2.5mg, Chlordiazepoxide 5mg and Dicyclomine Hydrochloride 10mg Tablets","Abdominal cramps / irritable bowel symptoms"
"Calcium 500mg and Calcitriol 0.25mcg Tablets","Vitamin D or calcium deficiency / bone health"
"Darifenacin Prolonged Release Tablets IP 7.5mg","Urinary or prostate condition; exact use varies"
"Cabozantinib Tablets 60 mg","Cancer treatment; specialist use"
"Acetylcysteine Tablets 600 mg","Respiratory condition; exact use varies"
"Colchicine Tablets 0.5mg","Gout / high uric acid"
"Doxylamine Succinate 10mg and Pyridoxine Hydrochloride 10mg Tablets","Women's health condition; exact use varies"
"Desloratadine 5mg and Montelukast 10mg Tablets","Asthma or obstructive airway symptoms"
"Spironolactone Tablets IP 100mg","Heart failure; specialist-directed use"
"Thyroxine Sodium Tablets IP 12.5mcg","Underactive thyroid (hypothyroidism)"
"Hydroxychloroquine Tablets IP 200 mg","Malaria; regimen depends on species and region"
"S-Adenosyl L- Methionine 400mg Tablets","Selected liver condition"
"Efavirenz 600mg, Emtricitabine 200mg and Tenofovir Disoproxil Fumarate 300mg Tablets IP","HIV infection; combination regimen only"
"Methylprednisolone Tablets IP 16mg","Inflammatory or immune condition; short specialist course"
"Griseofulvin Tablets IP 250 mg","Fungal infection"
"Everolimus Tablets 5 mg","Transplant or autoimmune condition; specialist use"
"Diethylcarbamazine Tablets IP 50 mg","Parasitic worm infection"
"Inosine Pranobex Tablets 500 mg","Selected viral infection"
"Promethazine Tablets IP 25 mg","Nausea and vomiting"
"Deferasirox Dispersible Tablets 500mg","Iron overload; specialist use"
"Amlodipine 5 mg, Losartan Potassium 50 mg & Hydrochlorothiazide 12.5 mg Tablets","High blood pressure (hypertension)"
"Alprazolam 0.5mg and Sertraline Hydrochloride 50mg Tablets","Depression and/or anxiety disorder"
"Dapagliflozin 10mg and Metformin Hydrochloride (Extended Release) 1000mg Tablets","Type 2 diabetes"
"Aceclofenac 100Mg, Paracetamol 325Mg And Trypsin-Chymotrypsin 150000Au Tablets","Pain and fever"
"Azithromycin Dispersible Tablets 100mg","Susceptible bacterial infection (site varies)"
"Combipack of Clarithromycin 500mg Tablets IP, Esomeprazole 40mg Tablets IP (Gastro resistant) and Amoxycillin 750mg Tablets IP","Susceptible bacterial infection (site varies)"
"Calcium 500mg and Vitamin D3 250IU Tablets IP","Vitamin D or calcium deficiency / bone health"
"Deflazacort 30mg and Tamsulosin 0.4mg Tablets","Inflammatory or immune condition; short specialist course"
"Capecitabine Tablets IP 500mg","Cancer treatment; type and regimen are specialist-defined"
"Allopurinol Tablets IP 300 mg","Gout / high uric acid"
"Diacerein 50mg and Glucosamine Sulphate 750mg Tablets","Bone, joint or muscle condition"
"Doxylamine Succinate 20mg and Pyridoxine Hydrochloride 20mg Tablets","Women's health condition; exact use varies"
"Desloratadine Tablets 10 mg","Allergic rhinitis or hives"
"Spironolactone Tablets IP 25 mg","Heart failure; specialist-directed use"
"Thyroxine Sodium Tablets IP 125mcg","Underactive thyroid (hypothyroidism)"
"Mefloquine Hydrochloride Tablets IP 250mg","Malaria; regimen depends on species and region"
"S-Adenosyl L-Methionine 200mg Tablets","Selected liver condition"
"Efavirenz Tablets IP 600mg","HIV infection; combination regimen only"
"Methylprednisolone Tablets IP 4mg","Inflammatory or immune condition; short specialist course"
"Ketoconazole Tablets IP 200 mg","Fungal infection"
"Mycophenolate Mofetil Tablets IP 500mg","Transplant or autoimmune condition; specialist use"
"Ivermectin Dispersible Tablets 12 mg","Parasitic worm infection"
"Valacyclovir Tablets 1000mg","Selected viral infection; diagnosis required"
"Amlodipine 5mg and Atenolol 50mg Tablets IP","High blood pressure (hypertension)"
"Alprazolam Tablets IP 0.25 mg","Anxiety or seizure-related use; dependence risk"
"Dapagliflozin 10mg and Metformin Hydrochloride (Extended Release) 500mg Tablets","Type 2 diabetes"
"Aceclofenac Sustained Release Tablets 200mg","Pain and inflammatory conditions"
"Azithromycin Tablets IP 250 mg","Susceptible bacterial infection (site varies)"
"Cyproheptadine Tablets IP 4 mg","Digestive-system condition; exact use varies"
"Calcium 500mg and Vitamin D3 500IU Tablets IP","Vitamin D or calcium deficiency / bone health"
"Finasteride Tablets IP 1mg","Enlarged prostate urinary symptoms"
"Dasatinib 50mg Tablets","Cancer treatment; specialist use"
"Bilastine 10mg and Montelukast 4mg Orodispersible Tablets","Asthma or obstructive airway symptoms"
"Febuxostat Tablets 40mg","Gout / high uric acid"
"Dydrogesterone Tablets IP 10 mg","Women's health condition; exact use varies"
"Desloratadine Tablets 5mg","Allergic rhinitis or hives"
"Spironolactone Tablets IP 50 mg","Heart failure; specialist-directed use"
"Thyroxine Sodium Tablets IP 150mcg","Underactive thyroid (hypothyroidism)"
"Primaquine Phosphate Tablets IP 2.5 mg","Malaria; regimen depends on species and region"
"Silymarin Tablet 140 mg","Selected liver or gallbladder disorders"
"Emtricitabine 200mg and Tenofovir Disoproxil Fumarate 300mg Tablets IP","HIV infection; combination regimen only"
"Prednisolone Tablets IP 10 mg","Inflammatory or immune condition; short specialist course"
"Terbinafine Tablets IP 250mg","Fungal infection"
"Mycophenolate Sodium Gastro-resistant Tablets 360mg","Transplant or autoimmune condition; specialist use"
"Mebendazole Tablets IP 100 mg","Parasitic worm infection"
"Valacyclovir Tablets 500mg","Selected viral infection; diagnosis required"
"Amlodipine 5mg and Hydrochlorothiazide 12.5mg Tablets","High blood pressure (hypertension)"
"Alprazolam Tablets IP 0.5 mg","Anxiety or seizure-related use; dependence risk"
"Dapagliflozin 10mg and Sitagliptin 100mg Tablets","Type 2 diabetes"
"Aceclofenac Tablets IP 100 mg","Pain and inflammatory conditions"
"Azithromycin Tablets IP 500 mg","Susceptible bacterial infection (site varies)"
"Dicyclomine Tablets IP 10mg","Abdominal cramps / irritable bowel symptoms"
"Calcium Acetate Tablets 667mg","Vitamin D or calcium deficiency / bone health"
"Finasteride Tablets IP 5mg","Enlarged prostate urinary symptoms"
"Dasatinib Tablets 20mg","Cancer treatment; specialist use"
"Bilastine 20mg Montelukast 10mg Tablets","Asthma or obstructive airway symptoms"
"Febuxostat Tablets 80mg","Gout / high uric acid"
"Estradiol Tablets 2mg","Women's health condition; exact use varies"
"Ebastine Tablets IP 10mg","Allergy symptoms"
"Tolvaptan Tablets 15mg","Fluid retention and/or hypertension"
"Thyroxine Sodium Tablets IP 25mcg","Underactive thyroid (hypothyroidism)"
"Primaquine Phosphate Tablets IP 7.5 mg","Malaria; regimen depends on species and region"
"Sofosbuvir Tablets IP 400mg","Selected liver condition"
"Lopinavir and Ritonavir Tablets IP (200mg + 50mg)","HIV infection; combination regimen only"
"Prednisolone Tablets IP 5 mg","Inflammatory or immune condition; short specialist course"
"Voriconazole Tablets IP 200mg","Fungal infection"
"Sirolimus Tablets 1mg","Transplant or autoimmune condition; specialist use"
"Amlodipine 5mg and Lisinopril 5mg Tablets IP","High blood pressure (hypertension)"
"Amisulpride Tablets IP 100 mg","Neurological or mental-health condition; exact use varies"
"Dapagliflozin 10mg and Sitagliptin 50mg Tablets","Type 2 diabetes"
"Aspirin Gastro-resistant Tablets IP 150 mg","Prevention of blood clots, heart attack or stroke"
"Cefaclor Dispersible Tablets 250 mg","Susceptible bacterial infection"
"Diphenoxylate Hydrochloride 2.5mg and Atropine sulphate 0.025mg Tablet","Digestive-system condition; exact use varies"
"Calcium aspartate (500mg), Calcium Orotate (500mg), Calcitriol (0.25mcg), Minerals and Vitamins Tablets","Vitamin D or calcium deficiency / bone health"
"Flavoxate Tablets IP 200 mg","Urinary or prostate condition; exact use varies"
"Dasatinib Tablets 50mg","Cancer treatment; specialist use"
"Bromhexine Hydrochloride 8mg and Phenylephrine Hydrochloride 5mg Tablets","Respiratory condition; exact use varies"
"Glucosamine 500mg and Diacerein 50mg Tablets","Bone, joint or muscle condition"
"Ethinylestradiol 0.035 Mg And Cyproterone 2 Mg Tablet","Menstrual or contraceptive care; clinician selection"
"Fexofenadine Hydrochloride Tablets IP 120mg","Allergic rhinitis or hives"
"Torasemide Tablets IP 10mg","Fluid retention and/or hypertension"
"Thyroxine Sodium Tablets IP 50mcg","Underactive thyroid (hypothyroidism)"
"Quinine Sulphate Tablets IP 300 mg","Malaria"
"Ursodeoxycholic Acid Tablets IP 150mg","Selected liver or gallbladder disorders"
"Tenofovir Disoproxil Fumarate Tablets IP 300 mg","HIV infection; combination regimen only"
"Triamcinolone Tablets IP 4mg","Hormonal or inflammatory condition"
"Amlodipine 5mg and Perindopril 4mg Tablets","High blood pressure (hypertension)"
"Amisulpride Tablets IP 200 mg","Neurological or mental-health condition; exact use varies"
"Dapagliflozin 10mg+ Vildagliptin (Sustained release)100mg Tablets","Type 2 diabetes"
"Baclofen 20mg Extended Release (Gastric Retentive System) Tablets","Pain, fever or inflammation"
"Cefadroxil Dispersible Tablets 250mg","Susceptible bacterial infection"
"Dried Aluminium Hydroxide 250mg, Magnesium Hydroxide 250mg and Activated Dimethicone 50mg Tablets","Digestive-system condition; exact use varies"
"Calcium Carbonate 1250mg, Vitamin D3 250IU, Magnesium Oxide 40mg, Manganese Sulphate 1.8mg and Zinc 7.5mg Tablets","Vitamin D or calcium deficiency / bone health"
"Mirabegron Extended-release Tablets 25 mg","Overactive bladder"
"Dasatinib Tablets 70mg","Cancer treatment; specialist use"
"Caffeine (30mg) + Diphenhydramine (25mg) + Paracetamol (500mg) + Phenylephrine (5mg) Tablets","Pain and fever"
"Glucosamine 750mg , Diacerein 50mg and Methylsulfonylmethane 250mg Tablets","Bone, joint or muscle condition"
"Ethinylestradiol 0.03mg and Desogestrel 0.15mg Tablets","Menstrual or contraceptive care; clinician selection"
"Fexofenadine Tablets IP 180 mg","Allergic rhinitis or hives"
"Torsemide 10mg and Spironolactone 50mg Tablets","Heart failure; specialist-directed use"
"Thyroxine Sodium Tablets IP 62.5mcg","Underactive thyroid (hypothyroidism)"
"Quinine Sulphate Tablets IP 600 mg","Malaria"
"Ursodeoxycholic Acid Tablets IP 300 mg","Selected liver or gallbladder disorders"
"Amlodipine Besilate 5mg and Bisoprolol Fumarate 5mg Tablets","High blood pressure (hypertension)"
"Amisulpride Tablets IP 50mg","Neurological or mental-health condition; exact use varies"
"Dapagliflozin 10mg, Sitagliptin 100mg and Metformin Hydrochloride (Extended Release) 1000mg Tablets","Type 2 diabetes"
"Baclofen Tablets IP 10 mg","Pain, fever or inflammation"
"Cefadroxil Tablets IP 500 mg","Susceptible bacterial infection"
"Drotaverine Hydrochloride 80mg and Mefenamic Acid 250mg Tablets","Pain and inflammatory conditions"
"Calcium Citrate 1000mg, Magnesium 100mg, Zinc 4mg and Vitamin D3 200 IU Tablets","Vitamin D or calcium deficiency / bone health"
"Mirabegron Extended-release Tablets 50 mg","Overactive bladder"
"Erlotinib Tablets IP 150 mg","Cancer treatment; type and regimen are specialist-defined"
"Doxofylline (Sustained-release) 400mg and Montelukast 10mg Tablets","Asthma or obstructive airway symptoms"
"Glucosamine 750mg and Chondroitin 100mg Tablets","Bone, joint or muscle condition"
"Ethinylestradiol 0.03mg and Levonorgestrel 0.15mg Tablets IP","Menstrual or contraceptive care; clinician selection"
"Hydroxyzine Hydrochloride Tablets IP 10mg","Allergy symptoms"
"Torsemide 20 mg and Spironolactone 25 mg Tablets","Heart failure; specialist-directed use"
"Thyroxine Sodium Tablets IP 75mcg","Underactive thyroid (hypothyroidism)"
"Amlodipine Tablet IP 10mg","High blood pressure (hypertension)"
"Amitriptyline Hydrochloride 25mg Chlordiazepoxide 10mg Tablets","Neurological or mental-health condition; exact use varies"
"Dapagliflozin 10mg, Sitagliptin 100mg and Metformin Hydrochloride (Extended Release) 500mg Tablets","Type 2 diabetes"
"Camylofin Dihydrochloride 25mg and Paracetamol 300mg Tablets","Pain and fever"
"Cefixime 100Mg And Clavulanic Acid 62.5 Mg Tablets","Susceptible bacterial infection (site varies)"
"Drotaverine Hydrochloride Tablets IP 40mg","Abdominal cramps / irritable bowel symptoms"
"Calcium Citrate and Vitamin D3 Chewable Tablets","Vitamin D or calcium deficiency / bone health"
"Nalidixic Acid Tablets IP 500 mg","Urinary or prostate condition; exact use varies"
"Gefitinib Tablets IP 250 mg","Cancer treatment; type and regimen are specialist-defined"
"Doxofylline Tablets IP 400 mg","Asthma or obstructive airway symptoms"
"Glucosamine Sulphate 500mg and Chondroitin 400mg Tablets","Bone, joint or muscle condition"
"Ethinylestradiol 0.05mg and Levonorgestrel 0.25mg Tablets IP","Menstrual or contraceptive care; clinician selection"
"Hydroxyzine Tablets IP 25mg","Allergy symptoms"
"Torsemide 5 mg and Spironolactone 50 mg Tablets","Heart failure; specialist-directed use"
"Amlodipine Tablets IP 2.5mg","High blood pressure (hypertension)"
"Amitriptyline Hydrochloride Tablets IP 10mg","Neurological or mental-health condition; exact use varies"
"Dapagliflozin 10mg, Vildagliptin 100mg (SR) and Metformin Hydrochloride 1000mg (SR) Tablets","Type 2 diabetes"
"Cetirizine Dihydrochloride 5mg, Phenylephrine Hydrochloride 10mg and Paracetamol 325mg Tablets","Pain and fever"
"Cefixime 200 mg, Cloxacillin 500 mg (ER) and Lactic Acid Bacillus Tablets","Susceptible bacterial infection (site varies)"
"Drotaverine Hydrochloride Tablets IP 80 mg","Abdominal cramps / irritable bowel symptoms"
"Calcium Citrate Malate 250mg , Vitamin D3 100IU and Folic Acid 50mcg Tablets","Iron-deficiency anaemia / nutritional supplementation"
"Nitrofurantoin Sustained Release Tablets 100mg","Susceptible bacterial infection (site varies)"
"Imatinib Mesylate Tablets IP 400mg","Cancer treatment; type and regimen are specialist-defined"
"Etophyllin 77mg and Theophylline 23mg Tablets","Asthma or obstructive airway symptoms"
"Glucosamine Tablets USP 500mg","Bone, joint or muscle condition"
"Levonorgestrel Tablet IP 1.5 mg","Menstrual or contraceptive care; clinician selection"
"Levocetirizine Dihydrochloride Tablets IP 10mg","Allergic rhinitis or hives"
"Torsemide Tablets IP 100mg","Fluid retention and/or hypertension"
"Amlodipine Tablets IP 5mg","High blood pressure (hypertension)"
"Amitriptyline Hydrochloride Tablets IP 25mg","Neurological or mental-health condition; exact use varies"
"Dapagliflozin 10mg, Vildagliptin 100mg (SR) and Metformin Hydrochloride 500mg (SR) Tablets","Type 2 diabetes"
"Chlorzoxazone 500mg, Diclofenac 50mg and Paracetamol 325mg Tablets","Pain and fever"
"Cefixime 200mg and Ofloxacin 200mg Tablets","Susceptible bacterial infection (site varies)"
"Esomeprazole Gastro-Resistance Tablets IP 20mg","Acid reflux / peptic ulcer disease"
"Calcium Citrate Malate 250mg, Calcitriol 0.25mcg and Vitamin K2-7 50mcg Tablets","Vitamin D or calcium deficiency / bone health"
"Nitrofurantoin Tablets I.P 100mg","Susceptible bacterial infection (site varies)"
"Lapatinib Tablets IP 250mg","Cancer treatment; specialist use"
"Etophylline 115mg and Theophylline 35mg Prolonged Release Tablets IP","Asthma or obstructive airway symptoms"
"Ibandronic Acid Tablets 150mg","Bone, joint or muscle condition"
"Medroxyprogesterone Acetate Tablets IP 10mg","Menstrual or contraceptive care; clinician selection"
"Levocetrizine Tablets IP 5 mg","Allergy symptoms"
"Torsemide Tablets IP 20 mg","Fluid retention and/or hypertension"
"Aspirin Enteric Coated Tablets IP 75mg","Prevention of blood clots, heart attack or stroke"
"Amitriptyline Hydrochloride Tablets IP 50 mg","Neurological or mental-health condition; exact use varies"
"Dapagliflozin 5mg and Metformin Hydrochloride (Extended Release) 1000mg Tablets","Type 2 diabetes"
"Diclofenac Gastro-Resistant Tablets IP 50 mg","Pain and inflammatory conditions"
"Cefixime 200mg and Potassium Clavulanate 125mg Tablets","Susceptible bacterial infection (site varies)"
"Esomeprazole Tablets IP 40 mg","Acid reflux / peptic ulcer disease"
"Cholecalciferol Chewable Tablets 60000 IU","Vitamin D or calcium deficiency / bone health"
"Ofloxaxin 200mg and Flavoxate 200 mg Tablet","Urinary or prostate condition; exact use varies"
"Letrozole Tablets IP 2.5mg","Hormone-sensitive breast cancer; specialist use"
"Etophylline 231mg and Theophylline 69mg Prolonged Release Tablets IP","Asthma or obstructive airway symptoms"
"Iguratimod Tablets 25mg","Bone, joint or muscle condition"
"Mifepristone Tablets IP 200 mg","Women's health condition; exact use varies"
"Loratadine Tablets IP 10mg","Allergic rhinitis or hives"
"Atenolol 25mg and Amlodipine 5mg Tablets IP","High blood pressure (hypertension)"
"Amitriptyline Hydrochloride Tablets IP 75 mg","Neurological or mental-health condition; exact use varies"
"Dapagliflozin 5mg and Metformin Hydrochloride (Extended Release) 500mg Tablets","Type 2 diabetes"
"Diclofenac Potassium 50mg and Metaxalone 400mg Tablets","Pain and inflammatory conditions"
"Cefixime Tablets IP 100 mg","Susceptible bacterial infection (site varies)"
"Famotidine Tablets IP 20 mg","Acid reflux / peptic ulcer disease"
"Coenzyme Q10 (Ubidecarenone) and L-Carnitine Tablets","Nutritional deficiency / supplementation"
"Oxybutynin Chloride 2.5mg Tablets","Overactive bladder"
"Megestrol Acetate Tablets IP 40mg","Cancer treatment; specialist use"
"Gabapentin 300mg and Amitriptyline 10mg Tablets","Neuropathic (nerve) pain; sometimes seizures"
"Leflunomide 10mg Tablets","Bone, joint or muscle condition"
"Misoprostol Tablets IP 200 mcg","Women's health condition; exact use varies"
"Pheniramine Maleate Tablets IP 25 mg","Allergy symptoms"
"Atenolol Tablets IP 25mg","High blood pressure (hypertension)"
"Amoxapine Tablets IP 100mg","Neurological or mental-health condition; exact use varies"
"Dapagliflozin 5mg and Sitagliptin 100mg Tablets","Type 2 diabetes"
"Diclofenac Potassium 50mg, Paracetamol 325mg and Serratiopeptidase 10mg Tablets","Pain and fever"
"Cefixime Tablets IP 200 mg","Susceptible bacterial infection (site varies)"
"Famotidine Tablets IP 40 mg","Acid reflux / peptic ulcer disease"
"Ferrous Ascorbate 100mg and Folic Acid 1.5mg Tablets","Iron-deficiency anaemia / nutritional supplementation"
"Sildenafil Tablets IP 100 mg","Erectile dysfunction; some strengths for pulmonary hypertension"
"Methotrexate Tablets IP 10mg","Cancer treatment; type and regimen are specialist-defined"
"Levocetirizine Dihydrochloride 5mg, Montelukast 10mg and Ambroxol Hydrochloride (SR) 75mg Tablets","Asthma or obstructive airway symptoms"
"Leflunomide Tablets IP 20mg","Bone, joint or muscle condition"
"Norethisterone Acetate Controlled Release Tablets 10mg","Menstrual or contraceptive care; clinician selection"
"Atenolol Tablets IP 50 mg","High blood pressure (hypertension)"
"Amoxapine Tablets IP 50mg","Neurological or mental-health condition; exact use varies"
"Dapagliflozin 5mg and Sitagliptin 50mg Tablets","Type 2 diabetes"
"Diclofenac Prolonged release Tablets IP 75 mg","Pain and inflammatory conditions"
"Cefpodoxime 200mg and Ofloxacin 200mg Tablets","Susceptible bacterial infection (site varies)"
"Furazolidone Tablets IP 100 mg","Digestive-system condition; exact use varies"
"Ferrous Ascorbate 100mg, Folic Acid 1.5mg and Zinc Sulphate 22.5mg Tablets","Iron-deficiency anaemia / nutritional supplementation"
"Sildenafil Tablets IP 50 mg","Erectile dysfunction; some strengths for pulmonary hypertension"
"Methotrexate Tablets IP 15mg","Cancer treatment; type and regimen are specialist-defined"
"Montelukast Sodium 10mg and Ebastine 10mg Tablets","Asthma or obstructive airway symptoms"
"Tofacitinib Extended Release Tablets 11mg","Bone, joint or muscle condition"
"Norethisterone Tablets IP 5 mg","Menstrual or contraceptive care; clinician selection"
"Atorvastatin 10mg + Ezetimibe 10mg Tablets","High cholesterol / cardiovascular risk"
"Aripiprazole Tablets IP 10 mg","Psychotic or bipolar disorder; specialist use"
"Dapagliflozin 5mg+ Vildagliptin (Sustained release)100mg Tablets","Type 2 diabetes"
"Diclofenac Sodium 50mg and Paracetamol 325mg Tablets IP","Pain and fever"
"Cefpodoxime 200mg and Potassium Clavulanate 125mg Tablets","Susceptible bacterial infection (site varies)"
"Hyoscine Butylbromide 10mg and Mefenamic Acid 250mg Tablets","Pain and inflammatory conditions"
"Ferrous Asparto Glycinate 100 mg, L-Methylfolate Calcium 300mcg, Methylcobalamin 500mcg Tablet","Iron-deficiency anaemia / nutritional supplementation"
"Solifenacin Succinate Tablets IP 10 mg","Overactive bladder"
"Methotrexate Tablets IP 2.5mg","Cancer treatment; type and regimen are specialist-defined"
"Montelukast Sodium 10mg and Fexofenadine Hydrochloride 120 mg Tablets","Asthma or obstructive airway symptoms"
"Tofacitinib Extended Release Tablets 22mg","Bone, joint or muscle condition"
"Progesterone Sustained Release Tablets 200 mg","Women's health condition; exact use varies"
"Atorvastatin 10mg And Cholecalciferol 1000 IU Tablet","High cholesterol / cardiovascular risk"
"Aripiprazole Tablets IP 15 mg","Psychotic or bipolar disorder; specialist use"
"Dapagliflozin Tablets 10 mg","Type 2 diabetes"
"Diclofenac Sodium 50mg and Thiocolchicoside 4mg Tablets","Pain and inflammatory conditions"
"Cefpodoxime Proxetil Dispersible Tablets 100 mg","Susceptible bacterial infection (site varies)"
"Hyoscine Butylbromide Tablets IP 10 mg","Abdominal cramps / irritable bowel symptoms"
"Folic Acid Tablets IP 5 mg","Iron-deficiency anaemia / nutritional supplementation"
"Solifenacin Succinate Tablets IP 5 mg","Overactive bladder"
"Methotrexate Tablets IP 20mg","Cancer treatment; type and regimen are specialist-defined"
"Montelukast Sodium 10mg and Levocetirizine 5mg Tablets IP","Asthma or obstructive airway symptoms"
"Tofacitinib Tablets 10mg","Bone, joint or muscle condition"
"Ulipristal Acetate Tablets 5mg","Women's health condition; exact use varies"
"Atorvastatin 10mg and Fenofibrate 160mg Tablets IP","High cholesterol / cardiovascular risk"
"Aripiprazole Tablets IP 2.5 mg","Psychotic or bipolar disorder; specialist use"
"Dapagliflozin Tablets 5mg","Type 2 diabetes"
"Diclofenac Sodium 50mg and Thiocolchicoside 8mg Tablets","Pain and inflammatory conditions"
"Cefpodoxime Proxetil Dispersible Tablets 50 mg","Susceptible bacterial infection (site varies)"
"Ilaprazole Tablets 10mg","Digestive-system condition; exact use varies"
"L-Carnitine-L-Tartrate 1000Mg, Co-Enzyme Q10 60Mg, Zinc Oxide (As Elemental Zinc) 12.5Mg, Lycopene 2500Mcg Tablets","Nutritional deficiency / supplementation"
"Tadalafil 10Mg And Dapoxetine 30 Mg Tablets","Erectile dysfunction; some strengths for pulmonary hypertension"
"Methotrexate Tablets IP 5mg","Cancer treatment; type and regimen are specialist-defined"
"Montelukast Sodium Tablets IP 10mg","Asthma or obstructive airway symptoms"
"Tofacitinib Tablets 5mg","Bone, joint or muscle condition"
"Atorvastatin 20mg + Ezetimibe 10mg Tablets","High cholesterol / cardiovascular risk"
"Aripiprazole Tablets IP 20 mg","Psychotic or bipolar disorder; specialist use"
"Empagliflozin Tablets 10 mg","Type 2 diabetes"
"Diclofenac Sodium Prolonged Release Tablets IP 100 mg","Pain and inflammatory conditions"
"Cefpodoxime Tablets IP 200 mg","Susceptible bacterial infection (site varies)"
"Itopride Tablets IP 50 mg","Digestive-system condition; exact use varies"
"L-Methylfolate 1mg, Pyridoxal-5 Phosphate 0.5mg & Methylcobalamin 1500mcg Tablets","Nutritional deficiency / supplementation"
"Tadalafil Tablets IP 10 mg","Erectile dysfunction; some strengths for pulmonary hypertension"
"Methotrexate Tablets IP 7.5 mg","Cancer treatment; type and regimen are specialist-defined"
"Montelukast Sodium Tablets IP 5mg","Asthma or obstructive airway symptoms"
"Atorvastatin Tablets IP 10mg","High cholesterol / cardiovascular risk"
"Aripiprazole Tablets IP 30 mg","Psychotic or bipolar disorder; specialist use"
"Empagliflozin Tablets 25 mg","Type 2 diabetes"
"Dicyclomine Hydrochloride 10mg and Mefenamic Acid 250mg Tablets IP","Pain and inflammatory conditions"
"Cefprozil Tablet 250 mg","Susceptible bacterial infection"
"Lactic Acid Bacillus Tablets 60 Million spores","Digestive-system condition; exact use varies"
"L-Methylfolate Calcium 2.8mg, Pyridoxal-5-Phosphate 25mg and Mecobalamin 2mg Tablets","Vitamin D or calcium deficiency / bone health"
"Tadalafil Tablets IP 2.5 mg","Erectile dysfunction; some strengths for pulmonary hypertension"
"Pazopanib Tablets 200mg","Cancer treatment; specialist use"
"Pirfenidone Tablets IP 400mg","Respiratory condition; exact use varies"
"Atorvastatin Tablets IP 20mg","High cholesterol / cardiovascular risk"
"Aripiprazole Tablets IP 5mg","Psychotic or bipolar disorder; specialist use"
"Glibenclamide 5 mg, Metformin 500 mg and Pioglitazone 15 mg Tablet","Type 2 diabetes"
"Drotaverine 80mg and Aceclofenac 100mg Tablets","Pain and inflammatory conditions"
"Cefprozil Tablet 500 mg","Susceptible bacterial infection"
"Levosulpiride Tablets 25mg","Digestive-system condition; exact use varies"
"L-Methylfolate calcium 7.5mg Tablet","Vitamin D or calcium deficiency / bone health"
"Tadalafil Tablets IP 20 mg","Erectile dysfunction; some strengths for pulmonary hypertension"
"Pazopanib Tablets 400mg","Cancer treatment; specialist use"
"Salbutamol Tablets IP 2mg","Asthma or obstructive airway symptoms"
"Atorvastatin Tablets IP 40 mg","High cholesterol / cardiovascular risk"
"Aripiprazole Tablets IP 7.5 mg","Psychotic or bipolar disorder; specialist use"
"Glibenclamide 5mg and Metformin Hydrochloride 500mg Tablets IP","Type 2 diabetes"
"Etodolac Tablets IP 300mg","Pain, fever or inflammation"
"Cefuroxime Axetil 500mg and Potassium Clavulanate 125mg Tablets IP","Susceptible bacterial infection (site varies)"
"Levosulpiride Tablets 50 mg","Digestive-system condition; exact use varies"
"Levocarnitine Tablets 500mg","Nutritional deficiency / supplementation"
"Tadalafil Tablets IP 5 mg","Erectile dysfunction; some strengths for pulmonary hypertension"
"Sorafenib Tablets 200mg","Cancer treatment; specialist use"
"Salbutamol Tablets IP 4 mg","Asthma or obstructive airway symptoms"
"Atorvastatin Tablets IP 5mg","High cholesterol / cardiovascular risk"
"Armodafinil 150mg Tablets","Neurological or mental-health condition; exact use varies"
"Glibenclamide Tablets IP 2.5 mg","Diabetes mellitus"
"Etoricoxib 60mg and Paracetamol 325mg Tablets","Pain and fever"
"Cefuroxime Axetil Tablets IP 125mg","Susceptible bacterial infection (site varies)"
"Levosulpiride Tablets 75 mg","Digestive-system condition; exact use varies"
"Methylcobalamin 1500mcg, L- Carnitine L- Tartrate 500mg and Folic Acid 1.5mg Tablets","Iron-deficiency anaemia / nutritional supplementation"
"Tamsulosin Hydrochloride (Modified Release) 0.4mg and Dutasteride 0.5mg Tablets","Enlarged prostate urinary symptoms"
"Tamoxifen Citrate Tablets IP 10 mg","Hormone-sensitive breast cancer; specialist use"
"Theophylline Prolonged-release Tablets IP 400 mg","Asthma or obstructive airway symptoms"
"Atorvastatin Tablets IP 80mg","High cholesterol / cardiovascular risk"
"Betahistine Tablets IP 16 mg","Neurological or mental-health condition; exact use varies"
"Glibenclamide Tablets IP 5 mg","Diabetes mellitus"
"Etoricoxib 60mg and Thiocolchicoside 4mg Tablets","Pain and inflammatory conditions"
"Cefuroxime Axetil Tablets IP 250 mg","Susceptible bacterial infection (site varies)"
"Mebeverine (135mg) + Chlordiazepoxide (5mg) Tablets","Abdominal cramps / irritable bowel symptoms"
"Methylcobalamin Tablet 1500mcg","Nutritional deficiency / supplementation"
"Torasemide 10mg + Spironolactone 25mg Tablets","Heart failure; specialist-directed use"
"Tamoxifen Citrate Tablets IP 20 mg","Hormone-sensitive breast cancer; specialist use"
"Azelnidipine 8mg + Telmisartan 40mg Tablets","High blood pressure (hypertension)"
"Betahistine Tablets IP 24 mg","Neurological or mental-health condition; exact use varies"
"Gliclazide 60 mg (Extended Release) and Metformin Hydrochloride 1000 mg (Extended Release) Tablets","Type 2 diabetes"
"Etoricoxib Tablets IP 120 mg","Pain and inflammatory conditions"
"Cefuroxime Axetil Tablets IP 500 mg","Susceptible bacterial infection (site varies)"
"Mebeverine Hydrochloride Tablets IP 200mg","Abdominal cramps / irritable bowel symptoms"
"Methylcobalamin Tablet 500mcg","Nutritional deficiency / supplementation"
"Torsemide Tablets IP 40mg","Urinary or prostate condition; exact use varies"
"Azelnidipine Tablets IP 16mg","Cardiovascular disease; exact use depends on medicine"
"Betahistine Tablets IP 8 mg","Neurological or mental-health condition; exact use varies"
"Gliclazide 60mg (Modified Release) and Metformin 500mg (Extended Release) Tablets","Type 2 diabetes"
"Etoricoxib Tablets IP 90 mg","Pain and inflammatory conditions"
"Cephalexin Extended Release Tablets 750mg","Susceptible bacterial infection"
"Mesalamine Delayed Release Tablets 400mg","Inflammatory bowel disease"
"Polyvitamin Tablets NFI (Prophylactic)","Nutritional deficiency / supplementation"
"Torsemide Tablets IP 5mg","Urinary or prostate condition; exact use varies"
"Azelnidipine Tablets IP 8mg","Cardiovascular disease; exact use depends on medicine"
"Brivaracetam Tablets IP 50mg","Neurological or mental-health condition; exact use varies"
"Gliclazide 80mg and Metformin Hydrochloride 500mg Tablets","Type 2 diabetes"
"Ibuprofen 400mg and Paracetamol 325mg Tablets IP","Pain and fever"
"Cephalexin Tablets IP 125mg (Dispersible)","Susceptible bacterial infection"
"Mesalazine Delayed release Tablets 800 mg","Inflammatory bowel disease"
"Pyridoxine Hydrochloride 10mg, Doxylamine 10mg and Folic Acid 2.5mg Tablets","Iron-deficiency anaemia / nutritional supplementation"
"Azilsartan 40mg and Chlorthalidone 6.25mg Tablet","High blood pressure (hypertension)"
"Bromocriptine Mesylate Tablets IP 1.25 mg","Neurological or mental-health condition; exact use varies"
"Gliclazide Extended release Tablets 60 mg","Type 2 diabetes"
"Ibuprofen Tablets IP 200 mg","Pain and inflammatory conditions"
"Ciprofloxacin 250mg and Tinidazole 300mg Tablets","Susceptible bacterial infection (site varies)"
"Mesalazine Prolonged release Tablets IP 1200 mg","Inflammatory bowel disease"
"Pyridoxine Hydrochloride Sustained release tablets 100mg","Nutritional deficiency / supplementation"
"Azilsartan Medoxomil 40mg and Chlorthalidone 12.5mg Tablets","High blood pressure (hypertension)"
"Bromocriptine Mesylate Tablets IP 2.5mg","Neurological or mental-health condition; exact use varies"
"Gliclazide Tablets IP 40 mg","Type 2 diabetes"
"Ibuprofen Tablets IP 400 mg","Pain and inflammatory conditions"
"Ciprofloxacin 500mg and Tinidazole 600mg Tablets","Susceptible bacterial infection (site varies)"
"Mesalazine Prolonged release Tablets IP 500mg","Inflammatory bowel disease"
"Pyridoxine Tablets IP 50 mg","Nutritional deficiency / supplementation"
"Azilsartan Medoxomil Tablets 80mg","Cardiovascular disease; exact use depends on medicine"
"Bupropion Prolonged-release Tablets IP 150 mg","Neurological or mental-health condition; exact use varies"
"Gliclazide Tablets IP 80 mg","Type 2 diabetes"
"Ketorolac Tromethamine Dispersible Tablet 10 mg","Pain and inflammatory conditions"
"Ciprofloxacin Hydrochloride Tablets IP 250 mg","Susceptible bacterial infection (site varies)"
"Metoclopramide Tablets IP 10 mg","Nausea and vomiting"
"Riboflavin 10Mg,Folic Acid 1.5Mg, Niacinamide 100Mg & Lactic Acid Bacillus 60 Million Spores Tablets","Iron-deficiency anaemia / nutritional supplementation"
"Azilsartan Medoxomil Tablets IP 40mg","Cardiovascular disease; exact use depends on medicine"
"Carbamazepine Prolonged release Tablets IP 400mg","Epilepsy / seizure disorder"
"Glimepiride IP 0.5mg Tablets","Type 2 diabetes"
"Ketorolac Tromethamine Tablets IP 10mg","Pain and inflammatory conditions"
"Ciprofloxacin Hydrochloride Tablets IP 500 mg","Susceptible bacterial infection (site varies)"
"Nitazoxanide 500mg Tablets","Digestive-system condition; exact use varies"
"Vitamin B-Complex Tablets (B1 10mg, B2 10mg, B3 45mg, B5 50mg, B6 3mg, B12 15mcg)","Nutritional deficiency / supplementation"
"Bempedoic Acid Tablets 180mg","Cardiovascular disease; exact use depends on medicine"
"Carbamazepine Prolonged-release Tablets IP 200mg","Epilepsy / seizure disorder"
"Glimepiride Tablets IP 1mg","Type 2 diabetes"
"Lornoxicam 8mg and Paracetamol 325mg Tablets","Pain and fever"
"Clarithromycin Tablets IP 250 mg","Susceptible bacterial infection (site varies)"
"Norfloxacin 400mg and Tinidazole 600mg Tablets","Susceptible bacterial infection (site varies)"
"Vitamin B6 (Pyridoxine Hydrochloride) Tablets IP 100mg","Nutritional deficiency / supplementation"
"Benazepril 5mg Tablets","Cardiovascular disease; exact use depends on medicine"
"Carbamazepine Tablets IP 100 mg","Epilepsy / seizure disorder"
"Glimepiride Tablets IP 2mg","Type 2 diabetes"
"Mefenamic Acid 500mg and Paracetamol 325mg Tablets","Pain and fever"
"Clarithromycin Tablets IP 500 mg","Susceptible bacterial infection (site varies)"
"Pancreatin 170mg and Activated Dimethicone 80mg Tablets","Digestive-system condition; exact use varies"
"Vitamin-C Chewable Tablets 500mg","Nutritional deficiency / supplementation"
"Benedipine (4mg) + Telmisartan (40mg) + Chlorthalidone (6.25mg) Tablets","High blood pressure (hypertension)"
"Chlordiazepoxide 10mg and Trifluoperazine 1mg Tablets","Neurological or mental-health condition; exact use varies"
"Glimepiride Tablets IP 3mg","Type 2 diabetes"
"Mefenamic Acid Tablets 250 mg","Pain and inflammatory conditions"
"Clotrimazole Vaginal Tablets IP 100mg","Susceptible bacterial infection"
"Pantoprazole Gastro Resistant Tablets IP 40 mg","Acid reflux / peptic ulcer disease"
"Zinc Sulphate Dispersible Tablets IP 20mg","Nutritional deficiency / supplementation"
"Benidipine 8mg Tablets","Cardiovascular disease; exact use depends on medicine"
"Chlordiazepoxide 5mg and Amitriptyline Hydrochloride 12.5mg Tablets","Neurological or mental-health condition; exact use varies"
"Glimepiride Tablets IP 4mg","Type 2 diabetes"
"Mefenamic Acid Tablets 500 mg","Pain and inflammatory conditions"
"Co-trimoxazole (Sulphamethoxazole 100mg and Trimethoprim 20mg) Tablets IP","Susceptible bacterial infection (site varies)"
"Pantoprazole Gastro-Resistance Tablets IP 20mg","Acid reflux / peptic ulcer disease"
"Benidipine Hydrochloride Tablets 4mg","Cardiovascular disease; exact use depends on medicine"
"Chlordiazepoxide Tablets IP 10 mg","Neurological or mental-health condition; exact use varies"
"Glipizide 5mg and Metformin Hydrochloride 500mg Tablets","Type 2 diabetes"
"Naproxen 250 mg and Domperidone 10 mg Tablet","Pain and inflammatory conditions"
"Co-trimoxazole (Sulphamethoxazole 800mg and Trimethoprim 160mg) Tablets IP","Susceptible bacterial infection (site varies)"
"Paracetamol 325mg and Dicyclomine Hydrochloride 20mg Tablets","Pain and fever"
"Bisoprolol 5mg and Hydrochlorothiazide 12.5mg Tablets","High blood pressure (hypertension)"
"Chlordiazepoxide Tablets IP 25 mg","Neurological or mental-health condition; exact use varies"
"Glipizide Tablet IP 5 mg","Type 2 diabetes"
"Naproxen 500 mg and Domperidone 10 mg Tablet","Pain and inflammatory conditions"
"Erythromycin Stearate Tablets IP 250mg","Susceptible bacterial infection"
"Prucalopride Tablet 2 mg","Constipation"
"Bisoprolol 5mg and Hydrochlorothiazide 6.25mg Tablets IP","High blood pressure (hypertension)"
"Chlorpromazine Tablets IP 100 mg","Neurological or mental-health condition; exact use varies"
"Imeglimin Hydrochloride Tablets 500mg","Diabetes mellitus"
"Naproxen Tablets IP 250 mg","Pain and inflammatory conditions"
"Erythromycin Stearate Tablets IP 500mg","Susceptible bacterial infection"
"Prucalopride Tablets 1mg","Constipation"
"Bisoprolol Fumarate Tablets 2.5 mg","High blood pressure (hypertension)"
"Chlorpromazine Tablets IP 25 mg","Neurological or mental-health condition; exact use varies"
"Linagliptin 2.5mg and Metformin 1000mg Tablets","Type 2 diabetes"
"Naproxen Tablets IP 500 mg","Pain and inflammatory conditions"
"Faropenem (200mg) + Clavulanic Acid (125mg) Tablets","Susceptible bacterial infection"
"Rabeprazole Gastro Resistant Tablets IP 20 mg","Acid reflux / peptic ulcer disease"
"Bisoprolol Tablets 5 mg","High blood pressure (hypertension)"
"Chlorpromazine Tablets IP 50 mg","Neurological or mental-health condition; exact use varies"
"Linagliptin 2.5mg and Metformin 500mg Tablets","Type 2 diabetes"
"Nimesulid 100mg, Paracetamol 325mg and Chlorzoxazone 375mg Tablets","Pain and fever"
"Faropenem Tablets 200mg","Susceptible bacterial infection"
"Ranitidine 150mg and Domperidone 10mg Tablets","Nausea and vomiting"
"Bosentan 62.5mg Tablets","Cardiovascular disease; exact use depends on medicine"
"Cinnarizine 20mg and Dimenhydrinate 40mg Tablets","Neurological or mental-health condition; exact use varies"
"Linagliptin 2.5mg and Metformin 850mg Tablets","Type 2 diabetes"
"Nimesulide 100 mg, Paracetamol 325 mg and Serratiopeptidase 15 mg Tablet","Pain and fever"
"Levofloxacin Tablets IP 250mg","Susceptible bacterial infection (site varies)"
"Ranitidine Tablets IP 150 mg","Digestive-system condition; exact use varies"
"Carvedilol Phosphate Extended Release Tablets 10mg","Cardiovascular disease; exact use depends on medicine"
"Cinnarizine Tablets IP 25mg","Neurological or mental-health condition; exact use varies"
"Linagliptin 5mg and Dapagliflozin 10mg Tablets","Type 2 diabetes"
"Nimesulide 100mg and Paracetamol 325mg Tablets","Pain and fever"
"Levofloxacin Tablets IP 500mg","Susceptible bacterial infection (site varies)"
"Ranitidine Tablets IP 300 mg","Digestive-system condition; exact use varies"
"Carvedilol Phosphate Extended Release Tablets 20mg","Cardiovascular disease; exact use depends on medicine"
"Cinnarizine Tablets IP 75mg","Neurological or mental-health condition; exact use varies"
"Linagliptin 5mg and Metformin Hydrochloride 1000mg Tablets","Type 2 diabetes"
"Nimesulide Tablets 100 mg","Pain, fever or inflammation"
"Linezolid Tablets IP 600 mg","Susceptible bacterial infection (site varies)"
"Rebamipide Tablets 100 mg","Digestive-system condition; exact use varies"
"Carvedilol Tablets IP 12.5 mg","Cardiovascular disease; exact use depends on medicine"
"Citalopram Tablets IP 20mg","Neurological or mental-health condition; exact use varies"
"Linagliptin Tablets 5mg","Diabetes mellitus"
"Paracetamol 162.5 mg and Tramadol 18.75 mg Tablet","Pain and fever"
"Metronidazole Tablets IP 200mg","Susceptible bacterial infection (site varies)"
"Sodium Bicarbonate Tablet 1000 mg","Digestive-system condition; exact use varies"
"Carvedilol Tablets IP 3.125 mg","Cardiovascular disease; exact use depends on medicine"
"Citicoline 500mg and Piracetam 800mg Tablets","Neurological or mental-health condition; exact use varies"
"Lobeglitazone Sulfate Tablets 0.5mg","Diabetes mellitus"
"Paracetamol 325mg and Tramadol 37.5mg Tablets","Pain and fever"
"Metronidazole Tablets IP 400mg","Susceptible bacterial infection (site varies)"
"Sodium Bicarbonate Tablet 500 mg","Digestive-system condition; exact use varies"
"Carvedilol Tablets IP 6.25mg","Cardiovascular disease; exact use depends on medicine"
"Citicoline Tablets IP 500mg","Neurological or mental-health condition; exact use varies"
"Metformin 1000mg (Prolonged release) and Glimepiride 1mg Tablets IP","Type 2 diabetes"
"Paracetamol 325mg, Phenylephrine 10mg and Chlorpheniramine 2mg Tablets","Pain and fever"
"Moxifloxacin 400mg and Cefixime 400mg Tablet","Susceptible bacterial infection (site varies)"
"Sodium Picosulphate Tablets 10 mg","Digestive-system condition; exact use varies"
"Chlorthalidone Tablets IP 12.5mg","High blood pressure (hypertension)"
"Clobazam Tablet IP 5mg","Neurological or mental-health condition; exact use varies"
"Metformin 1000mg (Prolonged release) and Glimepiride 3mg Tablets IP","Type 2 diabetes"
"Paracetamol 500 mg, Phenylephrine 10 mg and Chlorpheniramine 2 mg Tablet","Pain and fever"
"Moxifloxacin Tablets 400 mg","Susceptible bacterial infection"
"Sulfasalazine Delayed Release Tablets 500mg","Inflammatory bowel disease"
"Chlorthalidone Tablets IP 6.25 mg","High blood pressure (hypertension)"
"Clobazam Tablets IP 10 mg","Neurological or mental-health condition; exact use varies"
"Metformin 1000mg (Prolonged release) and Glimepiride 4mg Tablets IP","Type 2 diabetes"
"Paracetamol 500mg and Caffeine 25mg Tablet IP","Pain and fever"
"Norfloxacin Tablets IP 400 mg","Susceptible bacterial infection (site varies)"
"Sulfasalazine Gastro-resistant Tablets 1000mg","Inflammatory bowel disease"
"Cilnidipine 10mg and Chlorthalidone 12.5mg Tablets","High blood pressure (hypertension)"
"Clomipramine Hydrochloride Sustained release Tablets 75mg","Neurological or mental-health condition; exact use varies"
"Metformin 500mg (Prolonged release) and Glimepiride 0.5mg Tablets IP","Type 2 diabetes"
"Paracetamol 500mg and Chlorzoxazone 250mg Tablet","Pain and fever"
"Ofloxacin 200mg and Ornidazole 500mg Tablets IP","Susceptible bacterial infection (site varies)"
"Cilnidipine 10mg and Olmesartan Medoxomil 20mg Tablets","High blood pressure (hypertension)"
"Clomipramine Hydrochloride Tablets 10mg","Neurological or mental-health condition; exact use varies"
"Metformin 500mg (Sustained Release), Glimepiride 2mg and Pioglitazone 15mg Tablets","Type 2 diabetes"
"Paracetamol 650mg and Caffeine 50mg Tablets IP","Pain and fever"
"Ofloxacin Tablets IP 200mg","Susceptible bacterial infection (site varies)"
"Cilnidipine 10mg and Olmesartan Medoxomil 40mg Tablets","High blood pressure (hypertension)"
"Clomipramine Hydrochloride Tablets 25mg","Neurological or mental-health condition; exact use varies"
"Metformin 850mg (Prolonged release) and Glimepiride 3mg IP Tablets","Type 2 diabetes"
"Paracetamol Tablets IP 1000 Mg","Pain and fever"
"Ofloxacin Tablets IP 400mg","Susceptible bacterial infection (site varies)"
"Cilnidipine 10mg and Telmisartan 40mg Tablets","High blood pressure (hypertension)"
"Clomipramine Hydrochloride Tablets 50mg","Neurological or mental-health condition; exact use varies"
"Metformin Hydrchloride 500mg (Sustained-release) and Glimipride 3mg Tablet IP","Type 2 diabetes"
"Paracetamol Tablets IP 500 mg","Pain and fever"
"Ornidazole Tablets IP 500mg","Susceptible bacterial infection"
"Cilnidipine Tablets IP 10 mg","High blood pressure (hypertension)"
"Clonazepam Mouth Dissolving Tablets 0.25 mg","Anxiety or seizure-related use; dependence risk"
"Metformin Hydrchloride 500mg (Sustained-release) and Glimipride 4mg Tablet IP","Type 2 diabetes"
"Paracetamol Tablets IP 650 mg","Pain and fever"
"Rifaximin Tablets 200 mg","Susceptible bacterial infection"
"Cilnidipine Tablets IP 20mg","High blood pressure (hypertension)"
"Clonazepam Tablets IP 0.5 mg","Anxiety or seizure-related use; dependence risk"
"Metformin Hydrochloride 1000mg (Prolonged Release) and Glimepiride 2mg Tablets IP","Type 2 diabetes"
"Piroxicam Dispersible Tablets 10 mg","Pain, fever or inflammation"
"Rifaximin Tablets 400 mg","Susceptible bacterial infection"
"Cilnidipine Tablets IP 5 mg","High blood pressure (hypertension)"
"Clonazepam Tablets IP 1mg","Anxiety or seizure-related use; dependence risk"
"Metformin Hydrochloride 500mg (Prolonged release) and Glimepiride 1mg Tablets IP","Type 2 diabetes"
"Piroxicam Dispersible Tablets 20 mg","Pain, fever or inflammation"
"Rifaximin Tablets 550 mg","Susceptible bacterial infection"
"Cilostazol Tablets IP 50mg","Cardiovascular disease; exact use depends on medicine"
"Clozapine Tablets IP 100 mg","Neurological or mental-health condition; exact use varies"
"Metformin Hydrochloride 500mg (Sustained Release) and Voglibose 0.2mg Tablets","Type 2 diabetes"
"Serratiopeptidase 10mg and Diclofenac Sodium 50mg Tablets","Pain and inflammatory conditions"
"Roxithromycin Tablets IP 150 mg","Susceptible bacterial infection"
"Clonidine Tablets IP 100 mcg","Cardiovascular disease; exact use depends on medicine"
"Clozapine tablets IP 200mg","Neurological or mental-health condition; exact use varies"
"Metformin Hydrochloride 500mg (Sustained Release), Glimepiride 2mg and Voglibose 0.2mg Tablets","Type 2 diabetes"
"Serratiopeptidase Tablets IP 10 mg","Pain, fever or inflammation"
"Roxithromycin Tablets IP 300 mg","Susceptible bacterial infection"
"Clopidogrel 150mg Tablets","Prevention of blood clots, heart attack or stroke"
"Clozapine Tablets IP 25 mg","Neurological or mental-health condition; exact use varies"
"Metformin Hydrochloride 500mg (Sustained Release), Voglibose 0.3mg and Glimepiride 1mg and Tablets","Type 2 diabetes"
"Sumatriptan 85mg and Naproxen 500mg Tablets","Pain and inflammatory conditions"
"Tinidazole Tablets IP 300 mg","Susceptible bacterial infection"
"Clopidogrel 75mg and Aspirin 75mg Tablets IP","Prevention of blood clots, heart attack or stroke"
"Clozapine Tablets IP 50 mg","Neurological or mental-health condition; exact use varies"
"Metformin Hydrochloride 500mg (Sustained Release), Voglibose 0.3mg and Glimepiride 2mg and Tablets","Type 2 diabetes"
"Tapentadol 100mg Extended Release Tablets","Pain, fever or inflammation"
"Tinidazole Tablets IP 500 mg","Susceptible bacterial infection"
"Clopidogrel Tablets IP 75mg","Prevention of blood clots, heart attack or stroke"
"Desvenlafaxine Extended Release 100mg and Clonazepam 0.5mg Tablets","Depression and/or anxiety disorder"
"Metformin Hydrochloride 500mg and Voglibose 0.3mg Tablets","Type 2 diabetes"
"Tapentadol 50mg Tablets","Pain, fever or inflammation"
"Digoxin Tablets IP 0.25 mg","Heart failure; specialist-directed use"
"Desvenlafaxine Extended Release 50mg and Clonazepam 0.5mg Tablets","Depression and/or anxiety disorder"
"Metformin Hydrochloride Prolonged release Tablets IP 500 mg","Type 2 diabetes"
"Thiocolchicoside 4mg and Aceclofenac 100mg Tablets","Pain and inflammatory conditions"
"Diltiazem Sustained Release Tablets 90 mg","Abnormal heart rhythm / angina"
"Desvenlafaxine Extended Release Tablets 100mg","Depression and/or anxiety disorder"
"Metformin Hydrochloride Prolonged-release 500mg and Glimepiride 2mg Tablets IP","Type 2 diabetes"
"Tizanidine Tablets I.P 2mg","Pain, fever or inflammation"
"Diltiazem Tablets IP 30 mg","Abnormal heart rhythm / angina"
"Desvenlafaxine Extended Release Tablets 50mg","Depression and/or anxiety disorder"
"Metformin Hydrochloride Sustained Release Tablets IP 1000 mg","Type 2 diabetes"
"Tolperisone Hydrochloride 150mg and Diclofenac Sodium 50mg Tablets","Pain and inflammatory conditions"
"Diltiazem Tablets IP 60 mg","Abnormal heart rhythm / angina"
"Diazepam Tablets IP 10 mg","Anxiety or seizure-related use; dependence risk"
"Metformin Hydrochloride Tablets IP 250 mg","Type 2 diabetes"
"Tramadol Hydrochloride (IR) 50mg and Diclofenac Sodium (SR) 75mg Tablets","Pain and inflammatory conditions"
"Efonidipine Hydrochloride Ethanolate 40mg Tablets","Cardiovascular disease; exact use depends on medicine"
"Diazepam Tablets IP 2 mg","Anxiety or seizure-related use; dependence risk"
"Metformin Hydrochloride Tablets IP 500mg","Type 2 diabetes"
"Tramadol Prolonged Release Tablets IP 100 mg","Pain, fever or inflammation"
"Enalapril 10mg and Hydrochlorothiazide 25mg Tablets IP","High blood pressure (hypertension)"
"Diazepam Tablets IP 5 mg","Anxiety or seizure-related use; dependence risk"
"Metformin Sustained Release Tablets IP 850mg","Type 2 diabetes"
"Tramadol Tablets 50mg","Pain, fever or inflammation"
"Enalapril Maleate Tablets IP 2.5mg","High blood pressure (hypertension)"
"Divalproex Prolonged release Tablets IP 500mg","Neurological or mental-health condition; exact use varies"
"Pioglitazone 15mg and Metformin 500mg Sustained Release Tablets","Type 2 diabetes"
"Trypsin 48mg, Bromelain 90mg and Rutoside Trihydrate 100mg Tablets","Pain, fever or inflammation"
"Enalapril Tablets IP 5 mg","High blood pressure (hypertension)"
"Divalproex Sodium Extended Release Tablets IP 250 mg","Neurological or mental-health condition; exact use varies"
"Pioglitazone Tablets IP 15 mg","Type 2 diabetes"
"Trypsin 48mg, Bromelain 90mg, Rutoside Trihydrate 100mg and Diclofenac Sodium 50mg Tablets","Pain and inflammatory conditions"
"Eplerenone 50mg Tablets","Heart failure; specialist-directed use"
"Divalproex Tablets IP 500 mg","Neurological or mental-health condition; exact use varies"
"Pioglitazone Tablets IP 30mg","Type 2 diabetes"
"Eplerenone Tablets IP 25 mg","Heart failure; specialist-directed use"
"Donepezil 5mg and Memantine 10mg Tablets","Dementia symptoms; specialist use"
"Repaglinide 0.5mg and Voglibose 0.2mg Tablets IP","Type 2 diabetes"
"Ezetimibe Tablets IP 10mg","Cardiovascular disease; exact use depends on medicine"
"Donepezil 5mg and Memantine 5mg Tablets","Dementia symptoms; specialist use"
"Repaglinide 0.5mg and Voglibose 0.3mg Tablets IP","Type 2 diabetes"
"Fenofibrate Tablets IP 145 mg","High cholesterol / cardiovascular risk"
"Donepezil Hydrochloride Tablets IP 10mg","Dementia symptoms; specialist use"
"Repaglinide 1mg and Metformin Hydrochloride (Sustained-release) 500mg Tablets IP","Type 2 diabetes"
"Fenofibrate Tablets IP 160 mg","High cholesterol / cardiovascular risk"
"Donepezil Tablets IP 5 mg","Dementia symptoms; specialist use"
"Repaglinide 1mg and Voglibose 0.2mg Tablets IP","Type 2 diabetes"
"Glyceryl Trinitrate Controlled Release Tablets 2.6mg (Nitroglycerin Controlled Release Tablets)","Angina (heart-related chest pain)"
"Dosulepin (Dothiepin) Tablets IP 50mg","Neurological or mental-health condition; exact use varies"
"Repaglinide 1mg and Voglibose 0.3mg Tablets IP","Type 2 diabetes"
"Hydrochlorothiazide Tablets IP 12.5mg","High blood pressure (hypertension)"
"Dosulepin (or Dothiepin) Tablets 25 mg","Neurological or mental-health condition; exact use varies"
"Repaglinide 2mg and Metformin Hydrochloride (Sustained-release) 500mg Tablets IP","Type 2 diabetes"
"Indapamide Tablets IP 1.5 mg","Cardiovascular disease; exact use depends on medicine"
"Dosulepine (or Dothiepin) Tablets IP 75mg","Neurological or mental-health condition; exact use varies"
"Repaglinide Tablet IP 0.5mg","Diabetes mellitus"
"Isosorbide Dinitrate Tablets IP 10mg","Angina (heart-related chest pain)"
"Duloxetine Gastro Resistant Tablets IP 30mg","Depression and/or anxiety disorder"
"Repaglinide Tablet IP 1mg","Diabetes mellitus"
"Isosorbide Dinitrate Tablets IP 5 mg","Angina (heart-related chest pain)"
"Duloxetine Gastro-resistant Tablets IP 20 mg","Depression and/or anxiety disorder"
"Repaglinide Tablet IP 2mg","Diabetes mellitus"
"Isosorbide Mononitrate Sustained Release Tablets 30 mg","Angina (heart-related chest pain)"
"Epalrestat Sustained Release Tablets 150 mg","Neurological or mental-health condition; exact use varies"
"Saxagliptin Tablets 5mg","Diabetes mellitus"
"Isosorbidemononitrate Tablets IP 20mg","Angina (heart-related chest pain)"
"Escitalopram Oxalate 5mg and Clonazepam 0.5mg Tablets IP","Depression and/or anxiety disorder"
"Sitagliptin 100mg and Metformin 1000mg Extended Release Tablets","Type 2 diabetes"
"Isoxsuprine Hydrochloride Tablets IP 10mg","Cardiovascular disease; exact use depends on medicine"
"Escitalopram Oxelate 10mg and Clonazepam 0.5mg Tablets IP","Depression and/or anxiety disorder"
"Sitagliptin 100mg and Metformin 500mg Extended Release Tablets","Type 2 diabetes"
"Ivabradine Tablets 5mg","Angina (heart-related chest pain)"
"Escitalopram Tablets IP 10 mg","Depression and/or anxiety disorder"
"Sitagliptin 50mg and Metformin 500mg Extended Release Tablets","Type 2 diabetes"
"Labetalol Hydrochloride Tablets IP 100mg","Cardiovascular disease; exact use depends on medicine"
"Escitalopram Tablets IP 20 mg","Depression and/or anxiety disorder"
"Sitagliptin 50mg, Glimepiride 1mg and Metformin Hydrochloride 1000mg Tablets","Type 2 diabetes"
"Labetalol IP 200mg Tablets","Cardiovascular disease; exact use depends on medicine"
"Escitalopram Tablets IP 5 mg","Depression and/or anxiety disorder"
"Sitagliptin 50mg, Glimepiride 2mg and Metformin Hydrochloride 1000mg Tablets","Type 2 diabetes"
"Lisinopril Tablets IP 10mg","High blood pressure (hypertension)"
"Etizolam 0.5mg and Escitalopram Oxalate 10mg Tablets","Depression and/or anxiety disorder"
"Sitagliptin Phosphate 50mg & Metformin Hydrochloride 1000mg Tablets","Type 2 diabetes"
"Lisinopril Tablets IP 5mg","High blood pressure (hypertension)"
"Etizolam 0.5mg and Escitalopram Oxalate 5mg Tablets","Depression and/or anxiety disorder"
"Sitagliptin Phosphate 50mg & Metformin Hydrochloride 500mg Tablets","Type 2 diabetes"
"Losartan 50mg and Amlodipine 5mg Tablets IP","High blood pressure (hypertension)"
"Etizolam 0.5mg and Propranolol Hydrochloride 20mg Tablets","Neurological or mental-health condition; exact use varies"
"Sitagliptin Phosphate Tablets IP 100mg","Type 2 diabetes"
"Losartan Tablets IP 25mg","High blood pressure (hypertension)"
"Etizolam 0.5mg and Propranolol Hydrochloride 40mg Tablets","Neurological or mental-health condition; exact use varies"
"Sitagliptin Phosphate Tablets IP 50mg","Type 2 diabetes"
"Losartan Tablets IP 50mg","High blood pressure (hypertension)"
"Etizolam Tablets IP 0.25mg","Neurological or mental-health condition; exact use varies"
"Teneligliptin 20mg and Dapagliflozin 10mg Tablets","Type 2 diabetes"
"Metoprolol 50mg (Extended Release) and Ramipril 5mg Tablet","High blood pressure (hypertension)"
"Etizolam Tablets IP 0.5mg","Neurological or mental-health condition; exact use varies"
"Teneligliptin 20mg and Dapagliflozin 5mg Tablets","Type 2 diabetes"
"Metoprolol 50mg (Prolonged release) and Amlodipine Besilate 5mg Tablets IP","High blood pressure (hypertension)"
"Etoricoxib 60mg and Pregabalin 75mg (SR) Tablets","Pain and inflammatory conditions"
"Teneligliptin 20mg and Metformin Hydrochloride 1000mg (Sustained Release) Tablets IP","Type 2 diabetes"
"Metoprolol Extended Release Tablets IP 100mg","High blood pressure (hypertension)"
"Flunarizine Tablets IP 10 mg","Migraine treatment or prevention"
"Teneligliptin 20mg and Metformin Hydrochloride 500mg (Sustained Release) Tablets IP","Type 2 diabetes"
"Metoprolol Extended release Tablets IP 50mg","High blood pressure (hypertension)"
"Flunarizine Tablets IP 5 mg","Migraine treatment or prevention"
"Teneligliptin 20mg and Pioglitazone 15mg Tablets","Type 2 diabetes"
"Metoprolol Succinate (extended release) 25mg and Cilnidipine 10mg Tablets","High blood pressure (hypertension)"
"Flupentixol 0.5mg and Melitracen 10mg Tablets","Neurological or mental-health condition; exact use varies"
"Teneligliptin 20mg, Dapagliflozin 10mg and Metformin Hydrochloride (Sustained Release) 1000mg Tablets","Type 2 diabetes"
"Metoprolol Succinate (extended release) 50mg and Cilnidipine 10mg Tablets","High blood pressure (hypertension)"
"Flupentixol Tablets 0.5 mg","Neurological or mental-health condition; exact use varies"
"Teneligliptin 20mg, Dapagliflozin 10mg and Metformin Hydrochloride (Sustained Release) 500mg Tablets","Type 2 diabetes"
"Metoprolol Succinate (Extended-relase) 50mg, Telmisartan 40mg and Chlorthalidone 12.5mg Tablets","High blood pressure (hypertension)"
"Flupentixole 0.5mg and Nortriptyline 10mg Tablets","Neurological or mental-health condition; exact use varies"
"Teneligliptin 20mg, Metformin Hydrochloride 1000mg (Sustained Release) and Pioglitazone 15mg Tablets IP","Type 2 diabetes"
"Metoprolol Succinate 25mg (Extended Release) and Amlodipine Besilate 2.5mg Tablets IP","High blood pressure (hypertension)"
"Fluvoxamine Maleate Tablets IP 100mg","Neurological or mental-health condition; exact use varies"
"Teneligliptin 20mg, Metformin Hydrochloride 500mg (Sustained Release) and Pioglitazone 15mg Tablets IP","Type 2 diabetes"
"Metoprolol Succinate 25mg (Extended Release) and Amlodipine Besilate 5mg Tablets IP","High blood pressure (hypertension)"
"Gabapentin 100 mg and Nortryptyline 10 mg Tablet","Neuropathic (nerve) pain; sometimes seizures"
"Teneligliptin Tablets IP 20mg","Type 2 diabetes"
"Metoprolol Succinate 25mg (Extended release) and Ramipril 2.5mg Tablets","High blood pressure (hypertension)"
"Gabapentin 100mg and Methylcobalamin 500mcg Tablets","Neuropathic (nerve) pain; sometimes seizures"
"Vildaglipitin 100mg Extended Release Tablets","Diabetes mellitus"
"Metoprolol Succinate 50mg (Extended Release) and Telmisartan 40mg Tablets","High blood pressure (hypertension)"
"Gabapentin 200mg and Nortriptyline 10mg Tablets","Neuropathic (nerve) pain; sometimes seizures"
"Vildagliptin 100mg and Metformin Hydrochloride (sustained release) 1000mg Tablets","Type 2 diabetes"
"Metoprolol Succinate Extended Release Tablets IP 12.5mg","High blood pressure (hypertension)"
"Gabapentin 300mg and Methylcobalamin 500mcg Tablet","Neuropathic (nerve) pain; sometimes seizures"
"Vildagliptin 100mg and Metformin Hydrochloride (sustained release) 500mg Tablets","Type 2 diabetes"
"Metoprolol Succinate Prolonged release tablets IP 25mg","High blood pressure (hypertension)"
"Gabapentin 400mg and Nortriptyline 10mg Tablets","Neuropathic (nerve) pain; sometimes seizures"
"Vildagliptin 50mg and Metformin Hydrochloride (sustained release) 1000mg Tablets","Type 2 diabetes"
"Metoprolol Tablets IP 25 mg","High blood pressure (hypertension)"
"Gabapentin Tablets IP 100 mg","Neuropathic (nerve) pain; sometimes seizures"
"Vildagliptin 50mg and Metformin Hydrochloride (sustained release) 500mg Tablets","Type 2 diabetes"
"Metoprolol Tartrate 50mg and Hydrochlorothiazide 12.5 mg Tablets","High blood pressure (hypertension)"
"Imipramine Hydrochloride Tablets IP 25mg","Neurological or mental-health condition; exact use varies"
"Vildagliptin 50mg and Metformin Hydrochloride 1000mg Tablets IP","Type 2 diabetes"
"Micronized Purified flavanoid Fraction Tablets ( MPFF Diosmin 450mg and Hesperidin 50mg Tablets)","Cardiovascular disease; exact use depends on medicine"
"Lacosamide Tablets 100mg","Neurological or mental-health condition; exact use varies"
"Vildagliptin 50mg and Metformin Hydrochloride 500mg Tablets IP","Type 2 diabetes"
"Midodrine Hydrochloride Tablets 10mg","Cardiovascular disease; exact use depends on medicine"
"Lamotrigine Dispersible Tablets IP 100mg","Epilepsy / seizure disorder"
"Vildagliptin 50mg and Metformin Hydrochloride 850mg Tablets IP","Type 2 diabetes"
"Midodrine Hydrochloride Tablets 2.5mg","Cardiovascular disease; exact use depends on medicine"
"Lamotrigine Dispersible Tablets IP 25mg","Epilepsy / seizure disorder"
"Vildagliptin Tablets IP 50mg","Type 2 diabetes"
"Midodrine Hydrochloride Tablets 5mg","Cardiovascular disease; exact use depends on medicine"
"Lamotrigine Dispersible Tablets IP 50mg","Epilepsy / seizure disorder"
"Voglibose 0.2mg, Glimepiride 1mg and Metformin Hydrochloride 500mg (Sustained Release) Tablets","Type 2 diabetes"
"Minoxidil Tablets IP 10mg","Cardiovascular disease; exact use depends on medicine"
"Lamotrigine Tablets 100mg","Epilepsy / seizure disorder"
"Voglibose 0.2mg, Glimepiride 2mg and Metformin Hydrochloride 1000mg (Sustained Release) Tablets","Type 2 diabetes"
"Moxonidine Tablets 0.2mg","Cardiovascular disease; exact use depends on medicine"
"Levetiracetam Prolonged Release Tablets IP 1000mg","Epilepsy / seizure disorder"
"Voglibose 0.3mg, Glimepiride 2mg and Metformin Hydrochloride 1000mg (Sustained Release) Tablets","Type 2 diabetes"
"Moxonidine Tablets 0.3 mg","Cardiovascular disease; exact use depends on medicine"
"Levetiracetam Tablets IP 1000 mg","Epilepsy / seizure disorder"
"Voglibose Tablets IP 0.2 mg","Type 2 diabetes"
"Nebivolol 2.5mg and Cilnidipine 10mg Tablets","High blood pressure (hypertension)"
"Levetiracetam Tablets IP 250 mg","Epilepsy / seizure disorder"
"Voglibose Tablets IP 0.3 mg","Type 2 diabetes"
"Nebivolol 5 mg and S- Amlodipine 2.5 mg Tablet","High blood pressure (hypertension)"
"Levetiracetam Tablets IP 500 mg","Epilepsy / seizure disorder"
"Nebivolol 5mg + Amlodipine 5mg Tablets","High blood pressure (hypertension)"
"Levetiracetam Tablets IP 750 mg","Epilepsy / seizure disorder"
"Nebivolol 5mg and Cilnidipine 10mg Tablets","High blood pressure (hypertension)"
"Lithium Carbonate Prolonged Release Tablets IP 450mg","Neurological or mental-health condition; exact use varies"
"Nebivolol 5mg and Hydrochlorothiazide 12.5mg Tablets","High blood pressure (hypertension)"
"Lorazepam Tablets IP 1mg","Anxiety or seizure-related use; dependence risk"
"Nebivolol 5mg and Telmisartan 40mg Tablets","High blood pressure (hypertension)"
"Lorazepam Tablets IP 2mg","Anxiety or seizure-related use; dependence risk"
"Nebivolol Hydrochloride Tablets IP 10 mg","High blood pressure (hypertension)"
"Lorazepam Tablets IP 3mg","Anxiety or seizure-related use; dependence risk"
"Nebivolol Tablets IP 2.5mg","High blood pressure (hypertension)"
"Lurasidone Hydrochloride Tablets 40 mg","Neurological or mental-health condition; exact use varies"
"Nebivolol Tablets IP 5 mg","High blood pressure (hypertension)"
"Lurasidone Hydrochloride Tablets 80 mg","Neurological or mental-health condition; exact use varies"
"Nicorandil Tablet IP 10mg","Cardiovascular disease; exact use depends on medicine"
"Memantine Hydrochloride Tablets IP 10mg","Dementia symptoms; specialist use"
"Nicorandil Tablet IP 5mg","Cardiovascular disease; exact use depends on medicine"
"Methyl Ergometrine Tablets IP 0.125 mg","Neurological or mental-health condition; exact use varies"
"Nicoumalone (Acenocoumarol) 2mg Tablets","Cardiovascular disease; exact use depends on medicine"
"Mirtazapine Tablets IP 15mg","Neurological or mental-health condition; exact use varies"
"Nicoumalone/Acenocoumarol Tablets IP 1 mg","Cardiovascular disease; exact use depends on medicine"
"Mirtazapine Tablets IP 30 mg","Neurological or mental-health condition; exact use varies"
"Nicoumalone/Acenocoumarol Tablets IP 3 mg","Cardiovascular disease; exact use depends on medicine"
"Mirtazapine Tablets IP 7.5mg","Neurological or mental-health condition; exact use varies"
"Nicoumalone/Acenocoumarol Tablets IP 4 mg","Cardiovascular disease; exact use depends on medicine"
"Modafinil 100mg Tablets","Neurological or mental-health condition; exact use varies"
"Nifedipine Extended Release Tablets IP 30 mg","High blood pressure (hypertension)"
"Modafinil Tablets IP 200mg","Neurological or mental-health condition; exact use varies"
"Nifedipine Prolonged release Tablets IP 20mg","High blood pressure (hypertension)"
"Nitrazepam Tablets I.P 10mg","Neurological or mental-health condition; exact use varies"
"Nifedipine Sustained Release Tablets IP 10mg","High blood pressure (hypertension)"
"Nortriptyline Tablets IP 10mg","Neurological or mental-health condition; exact use varies"
"Nitroglycerin Controlled Release Tablets 6.4 mg","Angina (heart-related chest pain)"
"Nortriptyline Tablets IP 25mg","Neurological or mental-health condition; exact use varies"
"Olmesartan 20mg and Amlodipine 5mg Tablets","High blood pressure (hypertension)"
"Olanzapine 5mg and Fluoxetine 20mg Tablets IP","Depression and/or anxiety disorder"
"Olmesartan 20mg, Amlodipine 5mg and Hydrochlorothiazide 12.5mg Tablets","High blood pressure (hypertension)"
"Olanzapine Tablets IP 10mg","Psychotic or bipolar disorder; specialist use"
"Olmesartan 40mg and Amlodipine 5mg Tablets","High blood pressure (hypertension)"
"Olanzapine Tablets IP 5mg","Psychotic or bipolar disorder; specialist use"
"Olmesartan 40mg, Amlodipine 5mg and Hydrochlorothiazide 12.5mg Tablets","High blood pressure (hypertension)"
"Oxcarbazepine Tablets IP 150mg","Epilepsy / seizure disorder"
"Olmesartan Medoxomil 20mg and Chlorthalidone 12.5mg Tablets","High blood pressure (hypertension)"
"Oxcarbazepine Tablets IP 300mg","Epilepsy / seizure disorder"
"Olmesartan Medoxomil 20mg and Hydrochlorothiazide 12.5mg Tablets IP","High blood pressure (hypertension)"
"Oxcarbazepine Tablets IP 450mg","Epilepsy / seizure disorder"
"Olmesartan Medoxomil 20mg, Cilnidipine 10mg and Chlorthalidone 12.5mg Tablets","High blood pressure (hypertension)"
"Oxcarbazepine Tablets IP 600 mg","Epilepsy / seizure disorder"
"Olmesartan Medoxomil 20mg, Cilnidipine 10mg and Chlorthalidone 6.25mg Tablets","High blood pressure (hypertension)"
"Paroxetin Prolonged-release Tablets IP 25mg","Neurological or mental-health condition; exact use varies"
"Olmesartan Medoxomil 40mg and Chlorthalidone 12.5mg Tablets","High blood pressure (hypertension)"
"Paroxetine Extended Release 12.5mg and Clonazepam 0.25mg Tablets","Depression and/or anxiety disorder"
"Olmesartan Medoxomil 40mg and Hydrochlorothiazide 12.5mg Tablets IP","High blood pressure (hypertension)"
"Paroxetine Prolonged Release Tablets IP 37.5mg","Depression and/or anxiety disorder"
"Olmesartan Medoxomil 40mg, Cilnidipine 10mg and Chlorthalidone 12.5mg Tablets","High blood pressure (hypertension)"
"Paroxetine Prolonged-release Tablets IP 12.5mg","Depression and/or anxiety disorder"
"Olmesartan Medoxomil Tablets IP 10mg","High blood pressure (hypertension)"
"Phenobarbitone Tablets IP 30mg","Neurological or mental-health condition; exact use varies"
"Olmesartan Medoxomil Tablets IP 20mg","High blood pressure (hypertension)"
"Phenobarbitone Tablets IP 60 mg","Neurological or mental-health condition; exact use varies"
"Olmesartan Medoxomil Tablets IP 40 mg","High blood pressure (hypertension)"
"Phenytoin Tablets IP 100 mg","Epilepsy / seizure disorder"
"Perindopril Erbumine 4mg and Indapamide 1.25mg Tablets","Cardiovascular disease; exact use depends on medicine"
"Piracetam Tablet 800 mg","Neurological or mental-health condition; exact use varies"
"Perindopril Erbumine 8mg Tablets","Cardiovascular disease; exact use depends on medicine"
"Piracetam Tablets 400mg","Neurological or mental-health condition; exact use varies"
"Prasugrel Tablets IP 10 mg","Prevention of blood clots, heart attack or stroke"
"Pramipexole 0.75mg Tablets","Parkinson's disease / movement symptoms"
"Prazosin Extended Release Tablets 5mg","Cardiovascular disease; exact use depends on medicine"
"Pramipexole 1.5mg Tablets","Parkinson's disease / movement symptoms"
"Prazosin Hydrochloride Sustained Release Tablets 2.5 mg","Cardiovascular disease; exact use depends on medicine"
"Pramipexole Dihydrochloride Tablets 0.25mg","Parkinson's disease / movement symptoms"
"Prazosin Tablets IP 5 mg","Cardiovascular disease; exact use depends on medicine"
"Pregabalin (Sustained release) 75mg and Methylcobalamin 1500mcg Tablets","Neuropathic (nerve) pain; sometimes seizures"
"Propranolol Hydrochloride 40mg Sustained Release) and Flunarizine Dihydrochloride 10mg Tablets","Migraine treatment or prevention"
"Pregabalin 75 mg and Methylcobalamin 1500 mcg and Nortriptyline 10 mg Tablets","Neuropathic (nerve) pain; sometimes seizures"
"Propranolol Tablets IP 10mg","Cardiovascular disease; exact use depends on medicine"
"Pregabalin 75mg and Methylcobalamin 750mcg Tablets","Neuropathic (nerve) pain; sometimes seizures"
"Propranolol Tablets IP 20mg","Cardiovascular disease; exact use depends on medicine"
"Pregabalin 75mg and Nortriptyline 10mg Tablets","Neuropathic (nerve) pain; sometimes seizures"
"Propranolol Tablets IP 40 mg","Cardiovascular disease; exact use depends on medicine"
"Pregabalin Tablets 75 mg","Neuropathic (nerve) pain; sometimes seizures"
"Ramipril 2.5mg and Hydrochlorothiazide12.5mg Tablets","High blood pressure (hypertension)"
"Pregabalin Tablets IP 150mg","Neuropathic (nerve) pain; sometimes seizures"
"Ramipril 5mg and Amlodipine 5mg Tablets","High blood pressure (hypertension)"
"Prochlorperazine Tablets IP 5 mg","Neurological or mental-health condition; exact use varies"
"Ramipril 5mg and Hydrochlorothiazide 12.5mg Tablets IP","High blood pressure (hypertension)"
"Procyclidine 5mg Tablets","Neurological or mental-health condition; exact use varies"
"Ramipril Tablets IP 10mg","High blood pressure (hypertension)"
"Pyridostigmine Bromide Tablets IP 60mg","Neurological or mental-health condition; exact use varies"
"Ramipril Tablets IP 2.5 mg","High blood pressure (hypertension)"
"Quetiapine Fumarate Tablets IP 200mg","Psychotic or bipolar disorder; specialist use"
"Ramipril Tablets IP 5 mg","High blood pressure (hypertension)"
"Quetiapine Prolonged release Tablets IP 300mg","Psychotic or bipolar disorder; specialist use"
"Ranolazine Extended Release Tablets 1000mg","Angina (heart-related chest pain)"
"Quetiapine Tablets IP 100mg","Psychotic or bipolar disorder; specialist use"
"Ranolazine Extended Release Tablets 500mg","Angina (heart-related chest pain)"
"Quetiapine Tablets IP 25 mg","Psychotic or bipolar disorder; specialist use"
"Rivaroxaban Tablets 10mg","Prevention or treatment of blood clots"
"Quetiapine Tablets IP 50mg","Psychotic or bipolar disorder; specialist use"
"Rivaroxaban Tablets 20mg","Prevention or treatment of blood clots"
"Risperidone 2mg Trihexyphenidyl 2 mg Tablets (mouth Dissolving )","Psychotic or bipolar disorder; specialist use"
"Ropinirole Tablets IP 0.5mg","Parkinson's disease / movement symptoms"
"Risperidone 4mg and Trihexiphenidyl 2mg Tablets","Psychotic or bipolar disorder; specialist use"
"Rosuvastatin 10mg and Fenofibrate 160mg Tablets IP","High cholesterol / cardiovascular risk"
"Risperidone Tablets IP 1mg","Psychotic or bipolar disorder; specialist use"
"Rosuvastatin 20mg and Fenofibrate 160mg Tablets IP","High cholesterol / cardiovascular risk"
"Risperidone Tablets IP 2 mg","Psychotic or bipolar disorder; specialist use"
"Rosuvastatin Tablets IP 10mg","High cholesterol / cardiovascular risk"
"Risperidone Tablets IP 3 mg","Psychotic or bipolar disorder; specialist use"
"Rosuvastatin Tablets IP 20 mg","High cholesterol / cardiovascular risk"
"Risperidone Tablets IP 4mg","Psychotic or bipolar disorder; specialist use"
"Rosuvastatin Tablets IP 40mg","High cholesterol / cardiovascular risk"
"Ropinirole Tablets IP 1 mg","Parkinson's disease / movement symptoms"
"Rosuvastatin Tablets IP 5mg","High cholesterol / cardiovascular risk"
"Ropinirole Tablets IP 2 mg","Parkinson's disease / movement symptoms"
"S (-) Amlodipine Tablets IP 5mg","High blood pressure (hypertension)"
"Selegiline Hydrochloride 5mg Tablets","Neurological or mental-health condition; exact use varies"
"S(-) Amlodipine 2.5mg and Atenolol 50mg Tablets","High blood pressure (hypertension)"
"Sertraline Tablets IP 100mg","Depression and/or anxiety disorder"
"S(-)Amlodipine Tablets IP 2.5 mg","High blood pressure (hypertension)"
"Sertraline Tablets IP 25mg","Depression and/or anxiety disorder"
"Sacubitril 24mg and Valsartan 26mg Tablets","High blood pressure (hypertension)"
"Sertraline Tablets IP 50mg","Depression and/or anxiety disorder"
"Sacubitril 49mg and Valsartan 51mg Tablets","High blood pressure (hypertension)"
"Sodium Valproate 200mg and Valproic acid 87mg Controlled Release Tablets","Epilepsy / seizure disorder"
"Sacubitril 97mg and Valsartan 103mg Tablets","High blood pressure (hypertension)"
"Sodium Valproate 333mg and Valproic acid 145mg Controlled Release Tablets","Epilepsy / seizure disorder"
"Selexipag Tablets 200mcg","Cardiovascular disease; exact use depends on medicine"
"Sodium Valproate Enteric Coated Tablets IP 200mg","Epilepsy / seizure disorder"
"Sildenafil Tablets IP 20mg","Erectile dysfunction; some strengths for pulmonary hypertension"
"Sodium Valproate Gastro-Resistant Tablets IP 300mg","Epilepsy / seizure disorder"
"Simvastatin Tablets IP 10mg","High cholesterol / cardiovascular risk"
"Tetrabenazine Tablets 25mg","Neurological or mental-health condition; exact use varies"
"Simvastatin Tablets IP 20mg","High cholesterol / cardiovascular risk"
"Tolperisone Tablet 150mg","Neurological or mental-health condition; exact use varies"
"Telmisartan 40mg + Cilnidipine 10mg + Metoprolol ER 25 Tablets","High blood pressure (hypertension)"
"Topiramate 100mg Tablets","Epilepsy / seizure disorder"
